{"properties":{"connectionReferences":{"shared_commondataserviceforapps":{"impersonation":{},"runtimeSource":"embedded","connection":{},"api":{"name":"shared_commondataserviceforapps"}}},"definition":{"$schema":"https://schema.management.azure.com/providers/Microsoft.Logic/schemas/2016-06-01/workflowdefinition.json#","contentVersion":"1.0.0.0","parameters":{"$connections":{"defaultValue":{},"type":"Object"},"$authentication":{"defaultValue":{},"type":"SecureObject"}},"triggers":{"manual":{"type":"Request","kind":"Http","inputs":{"schema":{"type":"object","properties":{"course":{"type":"array","items":{"type":"object","properties":{"courseid":{"type":"string"},"coursedetail":{"type":"string"}},"required":["courseid","coursedetail"]}}}}}}},"actions":{"Condition":{"actions":{"Apply_to_each":{"foreach":"@triggerBody()?['course']","actions":{"Update_Course_Info_from_Portal":{"runAfter":{},"type":"OpenApiConnection","inputs":{"host":{"apiId":"/providers/Microsoft.PowerApps/apis/shared_commondataserviceforapps","connectionName":"shared_commondataserviceforapps","operationId":"UpdateRecord"},"parameters":{"entityName":"avngr_courses","recordId":"@items('Apply_to_each')?['courseid']","item/avngr_coursedescription":"@items('Apply_to_each')?['coursedetail']"},"authentication":"@parameters('$authentication')"}}},"runAfter":{},"type":"Foreach"}},"runAfter":{},"else":{"actions":{"Terminate":{"runAfter":{},"type":"Terminate","inputs":{"runStatus":"Cancelled"}}}},"expression":{"equals":["@triggerOutputs()['headers']['origin']","https://piad2020.powerappsportals.com"]},"type":"If"}},"outputs":{}}},"schemaVersion":"1.0.0.0"}